Workbook

Sheet Balance
A1: BALANCE N / N-1 (à coller)
A2: Seuil d'alerte (%) | E2: 0.1
A3: Compte | B3: Libellé | C3: Solde N | D3: Solde N-1 | E3: Cycle | F3: Variation | G3: Var % | H3: Alerte
A4: 602000 | B4: Achats matières | C4: 350000000 | D4: 230000000 | E4: =IF($A4="","",IF(LEFT($A4,2)="40","Achats/Fournisseurs",IF(LEFT($A4,2)="41","Ventes/Clients",IF(OR(LEFT($A4,2)="42",LEFT($A4,2)="43"),"Personnel",IF(LEFT($A4,2)="44","État/Fiscal",IF(LEFT($A4,1)="1","Capitaux",IF(LEFT($A4,1)="2","Immobilisations",IF(LEFT($A4,1)="3","Stocks",IF(LEFT($A4,1)="5","Trésorerie",IF(LEFT($A4,1)="6","Charges",IF(LEFT($A4,1)="7","Produits",IF(LEFT($A4,1)="8","HAO","Autres"))))))))))))) | F4: =IF($A4="","",$C4-$D4) | G4: =IF(OR($A4="",$D4=0),"",($C4-$D4)/ABS($D4)) | H4: =IF($G4="","",IF(ABS($G4)>=$E$2,"À investiguer",""))
A5: 411000 | B5: Clients | C5: 250000000 | D5: 180000000 | E5: =IF($A5="","",IF(LEFT($A5,2)="40","Achats/Fournisseurs",IF(LEFT($A5,2)="41","Ventes/Clients",IF(OR(LEFT($A5,2)="42",LEFT($A5,2)="43"),"Personnel",IF(LEFT($A5,2)="44","État/Fiscal",IF(LEFT($A5,1)="1","Capitaux",IF(LEFT($A5,1)="2","Immobilisations",IF(LEFT($A5,1)="3","Stocks",IF(LEFT($A5,1)="5","Trésorerie",IF(LEFT($A5,1)="6","Charges",IF(LEFT($A5,1)="7","Produits",IF(LEFT($A5,1)="8","HAO","Autres"))))))))))))) | F5: =IF($A5="","",$C5-$D5) | G5: =IF(OR($A5="",$D5=0),"",($C5-$D5)/ABS($D5)) | H5: =IF($G5="","",IF(ABS($G5)>=$E$2,"À investiguer",""))
E6: =IF($A6="","",IF(LEFT($A6,2)="40","Achats/Fournisseurs",IF(LEFT($A6,2)="41","Ventes/Clients",IF(OR(LEFT($A6,2)="42",LEFT($A6,2)="43"),"Personnel",IF(LEFT($A6,2)="44","État/Fiscal",IF(LEFT($A6,1)="1","Capitaux",IF(LEFT($A6,1)="2","Immobilisations",IF(LEFT($A6,1)="3","Stocks",IF(LEFT($A6,1)="5","Trésorerie",IF(LEFT($A6,1)="6","Charges",IF(LEFT($A6,1)="7","Produits",IF(LEFT($A6,1)="8","HAO","Autres"))))))))))))) | F6: =IF($A6="","",$C6-$D6) | G6: =IF(OR($A6="",$D6=0),"",($C6-$D6)/ABS($D6)) | H6: =IF($G6="","",IF(ABS($G6)>=$E$2,"À investiguer",""))
E7: =IF($A7="","",IF(LEFT($A7,2)="40","Achats/Fournisseurs",IF(LEFT($A7,2)="41","Ventes/Clients",IF(OR(LEFT($A7,2)="42",LEFT($A7,2)="43"),"Personnel",IF(LEFT($A7,2)="44","État/Fiscal",IF(LEFT($A7,1)="1","Capitaux",IF(LEFT($A7,1)="2","Immobilisations",IF(LEFT($A7,1)="3","Stocks",IF(LEFT($A7,1)="5","Trésorerie",IF(LEFT($A7,1)="6","Charges",IF(LEFT($A7,1)="7","Produits",IF(LEFT($A7,1)="8","HAO","Autres"))))))))))))) | F7: =IF($A7="","",$C7-$D7) | G7: =IF(OR($A7="",$D7=0),"",($C7-$D7)/ABS($D7)) | H7: =IF($G7="","",IF(ABS($G7)>=$E$2,"À investiguer",""))
E8: =IF($A8="","",IF(LEFT($A8,2)="40","Achats/Fournisseurs",IF(LEFT($A8,2)="41","Ventes/Clients",IF(OR(LEFT($A8,2)="42",LEFT($A8,2)="43"),"Personnel",IF(LEFT($A8,2)="44","État/Fiscal",IF(LEFT($A8,1)="1","Capitaux",IF(LEFT($A8,1)="2","Immobilisations",IF(LEFT($A8,1)="3","Stocks",IF(LEFT($A8,1)="5","Trésorerie",IF(LEFT($A8,1)="6","Charges",IF(LEFT($A8,1)="7","Produits",IF(LEFT($A8,1)="8","HAO","Autres"))))))))))))) | F8: =IF($A8="","",$C8-$D8) | G8: =IF(OR($A8="",$D8=0),"",($C8-$D8)/ABS($D8)) | H8: =IF($G8="","",IF(ABS($G8)>=$E$2,"À investiguer",""))
E9: =IF($A9="","",IF(LEFT($A9,2)="40","Achats/Fournisseurs",IF(LEFT($A9,2)="41","Ventes/Clients",IF(OR(LEFT($A9,2)="42",LEFT($A9,2)="43"),"Personnel",IF(LEFT($A9,2)="44","État/Fiscal",IF(LEFT($A9,1)="1","Capitaux",IF(LEFT($A9,1)="2","Immobilisations",IF(LEFT($A9,1)="3","Stocks",IF(LEFT($A9,1)="5","Trésorerie",IF(LEFT($A9,1)="6","Charges",IF(LEFT($A9,1)="7","Produits",IF(LEFT($A9,1)="8","HAO","Autres"))))))))))))) | F9: =IF($A9="","",$C9-$D9) | G9: =IF(OR($A9="",$D9=0),"",($C9-$D9)/ABS($D9)) | H9: =IF($G9="","",IF(ABS($G9)>=$E$2,"À investiguer",""))
E10: =IF($A10="","",IF(LEFT($A10,2)="40","Achats/Fournisseurs",IF(LEFT($A10,2)="41","Ventes/Clients",IF(OR(LEFT($A10,2)="42",LEFT($A10,2)="43"),"Personnel",IF(LEFT($A10,2)="44","État/Fiscal",IF(LEFT($A10,1)="1","Capitaux",IF(LEFT($A10,1)="2","Immobilisations",IF(LEFT($A10,1)="3","Stocks",IF(LEFT($A10,1)="5","Trésorerie",IF(LEFT($A10,1)="6","Charges",IF(LEFT($A10,1)="7","Produits",IF(LEFT($A10,1)="8","HAO","Autres"))))))))))))) | F10: =IF($A10="","",$C10-$D10) | G10: =IF(OR($A10="",$D10=0),"",($C10-$D10)/ABS($D10)) | H10: =IF($G10="","",IF(ABS($G10)>=$E$2,"À investiguer",""))
E11: =IF($A11="","",IF(LEFT($A11,2)="40","Achats/Fournisseurs",IF(LEFT($A11,2)="41","Ventes/Clients",IF(OR(LEFT($A11,2)="42",LEFT($A11,2)="43"),"Personnel",IF(LEFT($A11,2)="44","État/Fiscal",IF(LEFT($A11,1)="1","Capitaux",IF(LEFT($A11,1)="2","Immobilisations",IF(LEFT($A11,1)="3","Stocks",IF(LEFT($A11,1)="5","Trésorerie",IF(LEFT($A11,1)="6","Charges",IF(LEFT($A11,1)="7","Produits",IF(LEFT($A11,1)="8","HAO","Autres"))))))))))))) | F11: =IF($A11="","",$C11-$D11) | G11: =IF(OR($A11="",$D11=0),"",($C11-$D11)/ABS($D11)) | H11: =IF($G11="","",IF(ABS($G11)>=$E$2,"À investiguer",""))
E12: =IF($A12="","",IF(LEFT($A12,2)="40","Achats/Fournisseurs",IF(LEFT($A12,2)="41","Ventes/Clients",IF(OR(LEFT($A12,2)="42",LEFT($A12,2)="43"),"Personnel",IF(LEFT($A12,2)="44","État/Fiscal",IF(LEFT($A12,1)="1","Capitaux",IF(LEFT($A12,1)="2","Immobilisations",IF(LEFT($A12,1)="3","Stocks",IF(LEFT($A12,1)="5","Trésorerie",IF(LEFT($A12,1)="6","Charges",IF(LEFT($A12,1)="7","Produits",IF(LEFT($A12,1)="8","HAO","Autres"))))))))))))) | F12: =IF($A12="","",$C12-$D12) | G12: =IF(OR($A12="",$D12=0),"",($C12-$D12)/ABS($D12)) | H12: =IF($G12="","",IF(ABS($G12)>=$E$2,"À investiguer",""))
E13: =IF($A13="","",IF(LEFT($A13,2)="40","Achats/Fournisseurs",IF(LEFT($A13,2)="41","Ventes/Clients",IF(OR(LEFT($A13,2)="42",LEFT($A13,2)="43"),"Personnel",IF(LEFT($A13,2)="44","État/Fiscal",IF(LEFT($A13,1)="1","Capitaux",IF(LEFT($A13,1)="2","Immobilisations",IF(LEFT($A13,1)="3","Stocks",IF(LEFT($A13,1)="5","Trésorerie",IF(LEFT($A13,1)="6","Charges",IF(LEFT($A13,1)="7","Produits",IF(LEFT($A13,1)="8","HAO","Autres"))))))))))))) | F13: =IF($A13="","",$C13-$D13) | G13: =IF(OR($A13="",$D13=0),"",($C13-$D13)/ABS($D13)) | H13: =IF($G13="","",IF(ABS($G13)>=$E$2,"À investiguer",""))
E14: =IF($A14="","",IF(LEFT($A14,2)="40","Achats/Fournisseurs",IF(LEFT($A14,2)="41","Ventes/Clients",IF(OR(LEFT($A14,2)="42",LEFT($A14,2)="43"),"Personnel",IF(LEFT($A14,2)="44","État/Fiscal",IF(LEFT($A14,1)="1","Capitaux",IF(LEFT($A14,1)="2","Immobilisations",IF(LEFT($A14,1)="3","Stocks",IF(LEFT($A14,1)="5","Trésorerie",IF(LEFT($A14,1)="6","Charges",IF(LEFT($A14,1)="7","Produits",IF(LEFT($A14,1)="8","HAO","Autres"))))))))))))) | F14: =IF($A14="","",$C14-$D14) | G14: =IF(OR($A14="",$D14=0),"",($C14-$D14)/ABS($D14)) | H14: =IF($G14="","",IF(ABS($G14)>=$E$2,"À investiguer",""))
E15: =IF($A15="","",IF(LEFT($A15,2)="40","Achats/Fournisseurs",IF(LEFT($A15,2)="41","Ventes/Clients",IF(OR(LEFT($A15,2)="42",LEFT($A15,2)="43"),"Personnel",IF(LEFT($A15,2)="44","État/Fiscal",IF(LEFT($A15,1)="1","Capitaux",IF(LEFT($A15,1)="2","Immobilisations",IF(LEFT($A15,1)="3","Stocks",IF(LEFT($A15,1)="5","Trésorerie",IF(LEFT($A15,1)="6","Charges",IF(LEFT($A15,1)="7","Produits",IF(LEFT($A15,1)="8","HAO","Autres"))))))))))))) | F15: =IF($A15="","",$C15-$D15) | G15: =IF(OR($A15="",$D15=0),"",($C15-$D15)/ABS($D15)) | H15: =IF($G15="","",IF(ABS($G15)>=$E$2,"À investiguer",""))
E16: =IF($A16="","",IF(LEFT($A16,2)="40","Achats/Fournisseurs",IF(LEFT($A16,2)="41","Ventes/Clients",IF(OR(LEFT($A16,2)="42",LEFT($A16,2)="43"),"Personnel",IF(LEFT($A16,2)="44","État/Fiscal",IF(LEFT($A16,1)="1","Capitaux",IF(LEFT($A16,1)="2","Immobilisations",IF(LEFT($A16,1)="3","Stocks",IF(LEFT($A16,1)="5","Trésorerie",IF(LEFT($A16,1)="6","Charges",IF(LEFT($A16,1)="7","Produits",IF(LEFT($A16,1)="8","HAO","Autres"))))))))))))) | F16: =IF($A16="","",$C16-$D16) | G16: =IF(OR($A16="",$D16=0),"",($C16-$D16)/ABS($D16)) | H16: =IF($G16="","",IF(ABS($G16)>=$E$2,"À investiguer",""))
E17: =IF($A17="","",IF(LEFT($A17,2)="40","Achats/Fournisseurs",IF(LEFT($A17,2)="41","Ventes/Clients",IF(OR(LEFT($A17,2)="42",LEFT($A17,2)="43"),"Personnel",IF(LEFT($A17,2)="44","État/Fiscal",IF(LEFT($A17,1)="1","Capitaux",IF(LEFT($A17,1)="2","Immobilisations",IF(LEFT($A17,1)="3","Stocks",IF(LEFT($A17,1)="5","Trésorerie",IF(LEFT($A17,1)="6","Charges",IF(LEFT($A17,1)="7","Produits",IF(LEFT($A17,1)="8","HAO","Autres"))))))))))))) | F17: =IF($A17="","",$C17-$D17) | G17: =IF(OR($A17="",$D17=0),"",($C17-$D17)/ABS($D17)) | H17: =IF($G17="","",IF(ABS($G17)>=$E$2,"À investiguer",""))
... E253: =IF($A253="","",IF(LEFT($A253,2)="40","Achats/Fournisseurs",IF(LEFT($A253,2)="41","Ventes/Clients",IF(OR(LEFT($A253,2)="42",LEFT($A253,2)="43"),"Personnel",IF(LEFT($A253,2)="44","État/Fiscal",IF(LEFT($A253,1)="1","Capitaux",IF(LEFT($A253,1)="2","Immobilisations",IF(LEFT($A253,1)="3","Stocks",IF(LEFT($A253,1)="5","Trésorerie",IF(LEFT($A253,1)="6","Charges",IF(LEFT($A253,1)="7","Produits",IF(LEFT($A253,1)="8","HAO","Autres"))))))))))))) | F253: =IF($A253="","",$C253-$D253) | G253: =IF(OR($A253="",$D253=0),"",($C253-$D253)/ABS($D253)) | H253: =IF($G253="","",IF(ABS($G253)>=$E$2,"À investiguer",""))

Sheet Synthese
A1: SYNTHÈSE PAR CYCLE (feuilles maîtresses)
A3: Cycle | B3: Total N | C3: Total N-1 | D3: Variation | E3: Var %
A4: Achats/Fournisseurs | B4: =SUMIF(Balance!$E$4:$E$253,$A4,Balance!$C$4:$C$253) | C4: =SUMIF(Balance!$E$4:$E$253,$A4,Balance!$D$4:$D$253) | D4: =B4-C4 | E4: =IF(C4=0,"",(B4-C4)/ABS(C4))
A5: Ventes/Clients | B5: =SUMIF(Balance!$E$4:$E$253,$A5,Balance!$C$4:$C$253) | C5: =SUMIF(Balance!$E$4:$E$253,$A5,Balance!$D$4:$D$253) | D5: =B5-C5 | E5: =IF(C5=0,"",(B5-C5)/ABS(C5))
A6: Personnel | B6: =SUMIF(Balance!$E$4:$E$253,$A6,Balance!$C$4:$C$253) | C6: =SUMIF(Balance!$E$4:$E$253,$A6,Balance!$D$4:$D$253) | D6: =B6-C6 | E6: =IF(C6=0,"",(B6-C6)/ABS(C6))
A7: État/Fiscal | B7: =SUMIF(Balance!$E$4:$E$253,$A7,Balance!$C$4:$C$253) | C7: =SUMIF(Balance!$E$4:$E$253,$A7,Balance!$D$4:$D$253) | D7: =B7-C7 | E7: =IF(C7=0,"",(B7-C7)/ABS(C7))
A8: Capitaux | B8: =SUMIF(Balance!$E$4:$E$253,$A8,Balance!$C$4:$C$253) | C8: =SUMIF(Balance!$E$4:$E$253,$A8,Balance!$D$4:$D$253) | D8: =B8-C8 | E8: =IF(C8=0,"",(B8-C8)/ABS(C8))
A9: Immobilisations | B9: =SUMIF(Balance!$E$4:$E$253,$A9,Balance!$C$4:$C$253) | C9: =SUMIF(Balance!$E$4:$E$253,$A9,Balance!$D$4:$D$253) | D9: =B9-C9 | E9: =IF(C9=0,"",(B9-C9)/ABS(C9))
A10: Stocks | B10: =SUMIF(Balance!$E$4:$E$253,$A10,Balance!$C$4:$C$253) | C10: =SUMIF(Balance!$E$4:$E$253,$A10,Balance!$D$4:$D$253) | D10: =B10-C10 | E10: =IF(C10=0,"",(B10-C10)/ABS(C10))
A11: Trésorerie | B11: =SUMIF(Balance!$E$4:$E$253,$A11,Balance!$C$4:$C$253) | C11: =SUMIF(Balance!$E$4:$E$253,$A11,Balance!$D$4:$D$253) | D11: =B11-C11 | E11: =IF(C11=0,"",(B11-C11)/ABS(C11))
A12: Charges | B12: =SUMIF(Balance!$E$4:$E$253,$A12,Balance!$C$4:$C$253) | C12: =SUMIF(Balance!$E$4:$E$253,$A12,Balance!$D$4:$D$253) | D12: =B12-C12 | E12: =IF(C12=0,"",(B12-C12)/ABS(C12))
A13: Produits | B13: =SUMIF(Balance!$E$4:$E$253,$A13,Balance!$C$4:$C$253) | C13: =SUMIF(Balance!$E$4:$E$253,$A13,Balance!$D$4:$D$253) | D13: =B13-C13 | E13: =IF(C13=0,"",(B13-C13)/ABS(C13))
A14: HAO | B14: =SUMIF(Balance!$E$4:$E$253,$A14,Balance!$C$4:$C$253) | C14: =SUMIF(Balance!$E$4:$E$253,$A14,Balance!$D$4:$D$253) | D14: =B14-C14 | E14: =IF(C14=0,"",(B14-C14)/ABS(C14))
A15: Autres | B15: =SUMIF(Balance!$E$4:$E$253,$A15,Balance!$C$4:$C$253) | C15: =SUMIF(Balance!$E$4:$E$253,$A15,Balance!$D$4:$D$253) | D15: =B15-C15 | E15: =IF(C15=0,"",(B15-C15)/ABS(C15))
