Workbook

Sheet Parametres
A1: PARAMÈTRES — Tableau d'amortissement (SYSCOHADA révisé)
A3: Valeur d'origine (VO) | B3: 12000000
A4: Valeur résiduelle | B4: 0
A5: Durée d'utilité (années) | B5: 5
A6: Date de mise en service | B6: 45397
A7: Méthode (ce template = linéaire) | B7: lineaire
A8: Prorata 1re année (base 360 jours) | B8: jours
A9: Base amortissable (VO - VR) | B9: =B3-B4
A10: Dotation annuelle pleine | B10: =IF(B5=0,0,B9/B5)
A11: Prorata année 1 (fraction) | B11: =(360-((MONTH(B6)-1)*30+(DAY(B6)-1)))/360
A13: Note : pour la méthode DÉGRESSIVE, utiliser le script amortissement.py
A14: ou l'assistant (le dégressif n'est pas calculé par ce template linéaire).

Sheet Plan
A1: Exercice | B1: Base amortissable | C1: Dotation | D1: Cumul | E1: VNC | F1: Prorata appliqué
A2: =YEAR(Parametres!$B$6) | B2: =Parametres!$B$9 | C2: =IF(Parametres!$B$9<=0,0,ROUND(MIN(Parametres!$B$10*Parametres!$B$11,Parametres!$B$9),2)) | D2: =C2 | E2: =Parametres!$B$3-D2 | F2: =Parametres!$B$11
A3: =A2+1 | B3: =Parametres!$B$9 | C3: =IF((Parametres!$B$9-D2)<=0,0,ROUND(MIN(Parametres!$B$10,Parametres!$B$9-D2),2)) | D3: =D2+C3 | E3: =Parametres!$B$3-D3 | F3: =IF(C3=0,"",1)
A4: =A3+1 | B4: =Parametres!$B$9 | C4: =IF((Parametres!$B$9-D3)<=0,0,ROUND(MIN(Parametres!$B$10,Parametres!$B$9-D3),2)) | D4: =D3+C4 | E4: =Parametres!$B$3-D4 | F4: =IF(C4=0,"",1)
A5: =A4+1 | B5: =Parametres!$B$9 | C5: =IF((Parametres!$B$9-D4)<=0,0,ROUND(MIN(Parametres!$B$10,Parametres!$B$9-D4),2)) | D5: =D4+C5 | E5: =Parametres!$B$3-D5 | F5: =IF(C5=0,"",1)
A6: =A5+1 | B6: =Parametres!$B$9 | C6: =IF((Parametres!$B$9-D5)<=0,0,ROUND(MIN(Parametres!$B$10,Parametres!$B$9-D5),2)) | D6: =D5+C6 | E6: =Parametres!$B$3-D6 | F6: =IF(C6=0,"",1)
A7: =A6+1 | B7: =Parametres!$B$9 | C7: =IF((Parametres!$B$9-D6)<=0,0,ROUND(MIN(Parametres!$B$10,Parametres!$B$9-D6),2)) | D7: =D6+C7 | E7: =Parametres!$B$3-D7 | F7: =IF(C7=0,"",1)
A8: =A7+1 | B8: =Parametres!$B$9 | C8: =IF((Parametres!$B$9-D7)<=0,0,ROUND(MIN(Parametres!$B$10,Parametres!$B$9-D7),2)) | D8: =D7+C8 | E8: =Parametres!$B$3-D8 | F8: =IF(C8=0,"",1)
A9: =A8+1 | B9: =Parametres!$B$9 | C9: =IF((Parametres!$B$9-D8)<=0,0,ROUND(MIN(Parametres!$B$10,Parametres!$B$9-D8),2)) | D9: =D8+C9 | E9: =Parametres!$B$3-D9 | F9: =IF(C9=0,"",1)
A10: =A9+1 | B10: =Parametres!$B$9 | C10: =IF((Parametres!$B$9-D9)<=0,0,ROUND(MIN(Parametres!$B$10,Parametres!$B$9-D9),2)) | D10: =D9+C10 | E10: =Parametres!$B$3-D10 | F10: =IF(C10=0,"",1)
A11: =A10+1 | B11: =Parametres!$B$9 | C11: =IF((Parametres!$B$9-D10)<=0,0,ROUND(MIN(Parametres!$B$10,Parametres!$B$9-D10),2)) | D11: =D10+C11 | E11: =Parametres!$B$3-D11 | F11: =IF(C11=0,"",1)
A12: =A11+1 | B12: =Parametres!$B$9 | C12: =IF((Parametres!$B$9-D11)<=0,0,ROUND(MIN(Parametres!$B$10,Parametres!$B$9-D11),2)) | D12: =D11+C12 | E12: =Parametres!$B$3-D12 | F12: =IF(C12=0,"",1)
A13: =A12+1 | B13: =Parametres!$B$9 | C13: =IF((Parametres!$B$9-D12)<=0,0,ROUND(MIN(Parametres!$B$10,Parametres!$B$9-D12),2)) | D13: =D12+C13 | E13: =Parametres!$B$3-D13 | F13: =IF(C13=0,"",1)
A14: =A13+1 | B14: =Parametres!$B$9 | C14: =IF((Parametres!$B$9-D13)<=0,0,ROUND(MIN(Parametres!$B$10,Parametres!$B$9-D13),2)) | D14: =D13+C14 | E14: =Parametres!$B$3-D14 | F14: =IF(C14=0,"",1)
... A21: =A20+1 | B21: =Parametres!$B$9 | C21: =IF((Parametres!$B$9-D20)<=0,0,ROUND(MIN(Parametres!$B$10,Parametres!$B$9-D20),2)) | D21: =D20+C21 | E21: =Parametres!$B$3-D21 | F21: =IF(C21=0,"",1)
B23: Total dotations | C23: =SUM(C2:C21)
B24: Contrôle (=base ?) | C24: =IF(ROUND(C23-Parametres!$B$9,2)=0,"OK","ÉCART")
B25: VNC finale (=VR ?) | C25: =E21
